{"nm":"Comp 1","ddd":0,"h":1080,"w":1920,"meta":{"g":"LottieFiles AE 1.1.0"},"layers":[{"ty":3,"nm":"Null 1","sr":1,"st":0,"op":100.1001001001,"ip":0,"hd":false,"ddd":0,"bm":0,"hasMask":false,"ao":0,"ks":{"a":{"a":0,"k":[0,0,0],"ix":1},"s":{"a":0,"k":[100,100,100],"ix":6},"sk":{"a":0,"k":0},"p":{"a":0,"k":[960,540,0],"ix":2},"r":{"a":1,"k":[{"o":{"x":0.619,"y":0},"i":{"x":0.177,"y":1},"s":[0],"t":0},{"o":{"x":0.806,"y":0},"i":{"x":0.347,"y":1},"s":[360],"t":50},{"s":[720],"t":100}],"ix":10},"sa":{"a":0,"k":0},"o":{"a":0,"k":0,"ix":11}},"ef":[],"ind":1},{"ty":4,"nm":"Ellipse 5","sr":1,"st":0,"op":100.1001001001,"ip":0,"hd":false,"ddd":0,"bm":0,"hasMask":false,"ao":0,"ks":{"a":{"a":0,"k":[0,0,0],"ix":1},"s":{"a":0,"k":[100,100,100],"ix":6},"sk":{"a":0,"k":0},"p":{"a":1,"k":[{"o":{"x":0.333,"y":0},"i":{"x":0.667,"y":1},"s":[0,0,0],"t":0,"ti":[0,0,0],"to":[-5.422,30.78,0]},{"o":{"x":0.333,"y":0},"i":{"x":0.667,"y":1},"s":[-32.529,184.683,0],"t":50,"ti":[-5.422,30.78,0],"to":[0,0,0]},{"s":[0,0,0],"t":97.91796875}],"ix":2},"r":{"a":0,"k":0,"ix":10},"sa":{"a":0,"k":0},"o":{"a":1,"k":[{"o":{"x":0.333,"y":0},"i":{"x":0.667,"y":1},"s":[80],"t":0},{"o":{"x":0.333,"y":0},"i":{"x":0.667,"y":1},"s":[100],"t":50},{"s":[80],"t":97.91796875}],"ix":11}},"ef":[],"shapes":[{"ty":"gr","bm":0,"hd":false,"mn":"ADBE Vector Group","nm":"Ellipse 4 Stroke","ix":1,"cix":2,"np":3,"it":[{"ty":"el","bm":0,"hd":false,"mn":"ADBE Vector Shape - Ellipse","nm":"Ellipse Path 1","d":1,"p":{"a":0,"k":[0,0],"ix":3},"s":{"a":0,"k":[118,118],"ix":2}},{"ty":"op","bm":0,"hd":false,"mn":"ADBE Vector Filter - Offset","nm":"Offset Paths 1","ix":3,"a":{"a":0,"k":-0.5,"ix":1},"lj":1,"ml":{"a":0,"k":4,"ix":3}},{"ty":"tr","a":{"a":0,"k":[0,0],"ix":1},"s":{"a":0,"k":[100,100],"ix":3},"sk":{"a":0,"k":0,"ix":4},"p":{"a":0,"k":[0,0],"ix":2},"r":{"a":0,"k":0,"ix":6},"sa":{"a":0,"k":0,"ix":5},"o":{"a":0,"k":100,"ix":7}}]},{"ty":"gr","bm":0,"hd":false,"mn":"ADBE Vector Group","nm":"Ellipse 4 Fill","ix":2,"cix":2,"np":2,"it":[{"ty":"el","bm":0,"hd":false,"mn":"ADBE Vector Shape - Ellipse","nm":"Ellipse Path 1","d":1,"p":{"a":0,"k":[0,0],"ix":3},"s":{"a":0,"k":[118,118],"ix":2}},{"ty":"fl","bm":0,"hd":false,"mn":"ADBE Vector Graphic - Fill","nm":"Fill 1","c":{"a":1,"k":[{"o":{"x":0.333,"y":0},"i":{"x":0.667,"y":1},"s":[0.8824,0.0314,0.4941],"t":8.332},{"o":{"x":0.333,"y":0},"i":{"x":0.667,"y":1},"s":[0.8824,0.0314,0.4941],"t":83.332},{"s":[0.8863,0.1725,0.1412],"t":91.66796875}],"ix":4},"r":1,"o":{"a":0,"k":100,"ix":5}},{"ty":"tr","a":{"a":0,"k":[0,0],"ix":1},"s":{"a":0,"k":[100,100],"ix":3},"sk":{"a":0,"k":0,"ix":4},"p":{"a":0,"k":[0,0],"ix":2},"r":{"a":0,"k":0,"ix":6},"sa":{"a":0,"k":0,"ix":5},"o":{"a":0,"k":100,"ix":7}}]}],"ind":2,"parent":1},{"ty":4,"nm":"Ellipse 4","sr":1,"st":0,"op":100.1001001001,"ip":0,"hd":false,"ddd":0,"bm":0,"hasMask":false,"ao":0,"ks":{"a":{"a":0,"k":[0,0,0],"ix":1},"s":{"a":0,"k":[100,100,100],"ix":6},"sk":{"a":0,"k":0},"p":{"a":1,"k":[{"o":{"x":0.333,"y":0},"i":{"x":0.667,"y":1},"s":[0,0,0],"t":0,"ti":[0,0,0],"to":[-31.447,3.79,0]},{"o":{"x":0.333,"y":0},"i":{"x":0.667,"y":1},"s":[-188.683,22.739,0],"t":50,"ti":[-31.447,3.79,0],"to":[0,0,0]},{"s":[0,0,0],"t":97.91796875}],"ix":2},"r":{"a":0,"k":0,"ix":10},"sa":{"a":0,"k":0},"o":{"a":1,"k":[{"o":{"x":0.333,"y":0},"i":{"x":0.667,"y":1},"s":[80],"t":0},{"o":{"x":0.333,"y":0},"i":{"x":0.667,"y":1},"s":[100],"t":50},{"s":[80],"t":97.91796875}],"ix":11}},"ef":[],"shapes":[{"ty":"gr","bm":0,"hd":false,"mn":"ADBE Vector Group","nm":"Ellipse 4 Stroke","ix":1,"cix":2,"np":3,"it":[{"ty":"el","bm":0,"hd":false,"mn":"ADBE Vector Shape - Ellipse","nm":"Ellipse Path 1","d":1,"p":{"a":0,"k":[0,0],"ix":3},"s":{"a":0,"k":[118,118],"ix":2}},{"ty":"op","bm":0,"hd":false,"mn":"ADBE Vector Filter - Offset","nm":"Offset Paths 1","ix":3,"a":{"a":0,"k":-0.5,"ix":1},"lj":1,"ml":{"a":0,"k":4,"ix":3}},{"ty":"tr","a":{"a":0,"k":[0,0],"ix":1},"s":{"a":0,"k":[100,100],"ix":3},"sk":{"a":0,"k":0,"ix":4},"p":{"a":0,"k":[0,0],"ix":2},"r":{"a":0,"k":0,"ix":6},"sa":{"a":0,"k":0,"ix":5},"o":{"a":0,"k":100,"ix":7}}]},{"ty":"gr","bm":0,"hd":false,"mn":"ADBE Vector Group","nm":"Ellipse 4 Fill","ix":2,"cix":2,"np":2,"it":[{"ty":"el","bm":0,"hd":false,"mn":"ADBE Vector Shape - Ellipse","nm":"Ellipse Path 1","d":1,"p":{"a":0,"k":[0,0],"ix":3},"s":{"a":0,"k":[118,118],"ix":2}},{"ty":"fl","bm":0,"hd":false,"mn":"ADBE Vector Graphic - Fill","nm":"Fill 1","c":{"a":1,"k":[{"o":{"x":0.333,"y":0},"i":{"x":0.667,"y":1},"s":[0.9373,0.3373,0.0941],"t":8.332},{"o":{"x":0.333,"y":0},"i":{"x":0.667,"y":1},"s":[0.9373,0.3373,0.0941],"t":83.332},{"s":[0.8863,0.1725,0.1412],"t":91.66796875}],"ix":4},"r":1,"o":{"a":0,"k":100,"ix":5}},{"ty":"tr","a":{"a":0,"k":[0,0],"ix":1},"s":{"a":0,"k":[100,100],"ix":3},"sk":{"a":0,"k":0,"ix":4},"p":{"a":0,"k":[0,0],"ix":2},"r":{"a":0,"k":0,"ix":6},"sa":{"a":0,"k":0,"ix":5},"o":{"a":0,"k":100,"ix":7}}]}],"ind":3,"parent":1},{"ty":4,"nm":"Ellipse 3","sr":1,"st":0,"op":100.1001001001,"ip":0,"hd":false,"ddd":0,"bm":0,"hasMask":false,"ao":0,"ks":{"a":{"a":0,"k":[0,0,0],"ix":1},"s":{"a":0,"k":[100,100,100],"ix":6},"sk":{"a":0,"k":0},"p":{"a":1,"k":[{"o":{"x":0.333,"y":0},"i":{"x":0.667,"y":1},"s":[0,0,0],"t":0,"ti":[0,0,0],"to":[28.75,12.877,0]},{"o":{"x":0.333,"y":0},"i":{"x":0.667,"y":1},"s":[172.499,77.265,0],"t":50,"ti":[28.75,12.877,0],"to":[0,0,0]},{"s":[0,0,0],"t":97.91796875}],"ix":2},"r":{"a":0,"k":0,"ix":10},"sa":{"a":0,"k":0},"o":{"a":1,"k":[{"o":{"x":0.333,"y":0},"i":{"x":0.667,"y":1},"s":[80],"t":0},{"o":{"x":0.333,"y":0},"i":{"x":0.667,"y":1},"s":[100],"t":50},{"s":[80],"t":97.91796875}],"ix":11}},"ef":[],"shapes":[{"ty":"gr","bm":0,"hd":false,"mn":"ADBE Vector Group","nm":"Ellipse 3 Stroke","ix":1,"cix":2,"np":3,"it":[{"ty":"el","bm":0,"hd":false,"mn":"ADBE Vector Shape - Ellipse","nm":"Ellipse Path 1","d":1,"p":{"a":0,"k":[0,0],"ix":3},"s":{"a":0,"k":[118,118],"ix":2}},{"ty":"op","bm":0,"hd":false,"mn":"ADBE Vector Filter - Offset","nm":"Offset Paths 1","ix":3,"a":{"a":0,"k":-0.5,"ix":1},"lj":1,"ml":{"a":0,"k":4,"ix":3}},{"ty":"tr","a":{"a":0,"k":[0,0],"ix":1},"s":{"a":0,"k":[100,100],"ix":3},"sk":{"a":0,"k":0,"ix":4},"p":{"a":0,"k":[0,0],"ix":2},"r":{"a":0,"k":0,"ix":6},"sa":{"a":0,"k":0,"ix":5},"o":{"a":0,"k":100,"ix":7}}]},{"ty":"gr","bm":0,"hd":false,"mn":"ADBE Vector Group","nm":"Ellipse 3 Fill","ix":2,"cix":2,"np":2,"it":[{"ty":"el","bm":0,"hd":false,"mn":"ADBE Vector Shape - Ellipse","nm":"Ellipse Path 1","d":1,"p":{"a":0,"k":[0,0],"ix":3},"s":{"a":0,"k":[118,118],"ix":2}},{"ty":"fl","bm":0,"hd":false,"mn":"ADBE Vector Graphic - Fill","nm":"Fill 1","c":{"a":1,"k":[{"o":{"x":0.333,"y":0},"i":{"x":0.667,"y":1},"s":[0.0471,0.7725,0.5765],"t":8.332},{"o":{"x":0.333,"y":0},"i":{"x":0.667,"y":1},"s":[0.0471,0.7725,0.5765],"t":83.332},{"s":[0.8863,0.1725,0.1412],"t":91.66796875}],"ix":4},"r":1,"o":{"a":0,"k":100,"ix":5}},{"ty":"tr","a":{"a":0,"k":[0,0],"ix":1},"s":{"a":0,"k":[100,100],"ix":3},"sk":{"a":0,"k":0,"ix":4},"p":{"a":0,"k":[0,0],"ix":2},"r":{"a":0,"k":0,"ix":6},"sa":{"a":0,"k":0,"ix":5},"o":{"a":0,"k":100,"ix":7}}]}],"ind":4,"parent":1},{"ty":4,"nm":"Ellipse 2","sr":1,"st":0,"op":100.1001001001,"ip":0,"hd":false,"ddd":0,"bm":0,"hasMask":false,"ao":0,"ks":{"a":{"a":0,"k":[0,0,0],"ix":1},"s":{"a":0,"k":[100,100,100],"ix":6},"sk":{"a":0,"k":0},"p":{"a":1,"k":[{"o":{"x":0.333,"y":0},"i":{"x":0.667,"y":1},"s":[0,0,0],"t":0,"ti":[0,0,0],"to":[22.333,-22.333,0]},{"o":{"x":0.333,"y":0},"i":{"x":0.667,"y":1},"s":[134,-134,0],"t":50,"ti":[22.333,-22.333,0],"to":[0,0,0]},{"s":[0,0,0],"t":97.91796875}],"ix":2},"r":{"a":0,"k":0,"ix":10},"sa":{"a":0,"k":0},"o":{"a":1,"k":[{"o":{"x":0.333,"y":0},"i":{"x":0.667,"y":1},"s":[80],"t":0},{"o":{"x":0.333,"y":0},"i":{"x":0.667,"y":1},"s":[100],"t":50},{"s":[80],"t":97.91796875}],"ix":11}},"ef":[],"shapes":[{"ty":"gr","bm":0,"hd":false,"mn":"ADBE Vector Group","nm":"Ellipse 2 Stroke","ix":1,"cix":2,"np":3,"it":[{"ty":"el","bm":0,"hd":false,"mn":"ADBE Vector Shape - Ellipse","nm":"Ellipse Path 1","d":1,"p":{"a":0,"k":[0,0],"ix":3},"s":{"a":0,"k":[118,118],"ix":2}},{"ty":"op","bm":0,"hd":false,"mn":"ADBE Vector Filter - Offset","nm":"Offset Paths 1","ix":3,"a":{"a":0,"k":-0.5,"ix":1},"lj":1,"ml":{"a":0,"k":4,"ix":3}},{"ty":"tr","a":{"a":0,"k":[0,0],"ix":1},"s":{"a":0,"k":[100,100],"ix":3},"sk":{"a":0,"k":0,"ix":4},"p":{"a":0,"k":[0,0],"ix":2},"r":{"a":0,"k":0,"ix":6},"sa":{"a":0,"k":0,"ix":5},"o":{"a":0,"k":100,"ix":7}}]},{"ty":"gr","bm":0,"hd":false,"mn":"ADBE Vector Group","nm":"Ellipse 2 Fill","ix":2,"cix":2,"np":2,"it":[{"ty":"el","bm":0,"hd":false,"mn":"ADBE Vector Shape - Ellipse","nm":"Ellipse Path 1","d":1,"p":{"a":0,"k":[0,0],"ix":3},"s":{"a":0,"k":[118,118],"ix":2}},{"ty":"fl","bm":0,"hd":false,"mn":"ADBE Vector Graphic - Fill","nm":"Fill 1","c":{"a":1,"k":[{"o":{"x":0.333,"y":0},"i":{"x":0.667,"y":1},"s":[0,0.5843,0.9216],"t":8.332},{"o":{"x":0.333,"y":0},"i":{"x":0.667,"y":1},"s":[0,0.5843,0.9216],"t":83.332},{"s":[0.8863,0.1725,0.1412],"t":91.66796875}],"ix":4},"r":1,"o":{"a":0,"k":100,"ix":5}},{"ty":"tr","a":{"a":0,"k":[0,0],"ix":1},"s":{"a":0,"k":[100,100],"ix":3},"sk":{"a":0,"k":0,"ix":4},"p":{"a":0,"k":[0,0],"ix":2},"r":{"a":0,"k":0,"ix":6},"sa":{"a":0,"k":0,"ix":5},"o":{"a":0,"k":100,"ix":7}}]}],"ind":5,"parent":1},{"ty":4,"nm":"Ellipse 1","sr":1,"st":0,"op":100.1001001001,"ip":0,"hd":false,"ddd":0,"bm":0,"hasMask":false,"ao":0,"ks":{"a":{"a":0,"k":[0,0,0],"ix":1},"s":{"a":0,"k":[100,100,100],"ix":6},"sk":{"a":0,"k":0},"p":{"a":1,"k":[{"o":{"x":0.333,"y":0},"i":{"x":0.667,"y":1},"s":[0,0,0],"t":0,"ti":[0,0,0],"to":[-14.904,-28.412,0]},{"o":{"x":0.333,"y":0},"i":{"x":0.667,"y":1},"s":[-89.422,-170.473,0],"t":50,"ti":[-14.904,-28.412,0],"to":[0,0,0]},{"s":[0,0,0],"t":97.91796875}],"ix":2},"r":{"a":0,"k":0,"ix":10},"sa":{"a":0,"k":0},"o":{"a":1,"k":[{"o":{"x":0.333,"y":0},"i":{"x":0.188,"y":1},"s":[80],"t":0},{"o":{"x":0.899,"y":-0.919},"i":{"x":0.667,"y":1},"s":[100],"t":50},{"s":[80],"t":97.91796875}],"ix":11}},"ef":[],"shapes":[{"ty":"gr","bm":0,"hd":false,"mn":"ADBE Vector Group","nm":"Ellipse 1 Stroke","ix":1,"cix":2,"np":3,"it":[{"ty":"el","bm":0,"hd":false,"mn":"ADBE Vector Shape - Ellipse","nm":"Ellipse Path 1","d":1,"p":{"a":0,"k":[0,0],"ix":3},"s":{"a":0,"k":[118,118],"ix":2}},{"ty":"op","bm":0,"hd":false,"mn":"ADBE Vector Filter - Offset","nm":"Offset Paths 1","ix":3,"a":{"a":0,"k":-0.5,"ix":1},"lj":1,"ml":{"a":0,"k":4,"ix":3}},{"ty":"tr","a":{"a":0,"k":[0,0],"ix":1},"s":{"a":0,"k":[100,100],"ix":3},"sk":{"a":0,"k":0,"ix":4},"p":{"a":0,"k":[0,0],"ix":2},"r":{"a":0,"k":0,"ix":6},"sa":{"a":0,"k":0,"ix":5},"o":{"a":0,"k":100,"ix":7}}]},{"ty":"gr","bm":0,"hd":false,"mn":"ADBE Vector Group","nm":"Ellipse 1 Fill","ix":2,"cix":2,"np":2,"it":[{"ty":"el","bm":0,"hd":false,"mn":"ADBE Vector Shape - Ellipse","nm":"Ellipse Path 1","d":1,"p":{"a":0,"k":[0,0],"ix":3},"s":{"a":0,"k":[118,118],"ix":2}},{"ty":"fl","bm":0,"hd":false,"mn":"ADBE Vector Graphic - Fill","nm":"Fill 1","c":{"a":1,"k":[{"o":{"x":0.333,"y":0},"i":{"x":0.667,"y":1},"s":[0.4392,0.2784,0.9176],"t":8.332},{"o":{"x":0.333,"y":0},"i":{"x":0.667,"y":1},"s":[0.4392,0.2784,0.9176],"t":83.332},{"s":[0.8863,0.1725,0.1412],"t":91.66796875}],"ix":4},"r":1,"o":{"a":0,"k":100,"ix":5}},{"ty":"tr","a":{"a":0,"k":[0,0],"ix":1},"s":{"a":0,"k":[100,100],"ix":3},"sk":{"a":0,"k":0,"ix":4},"p":{"a":0,"k":[0,0],"ix":2},"r":{"a":0,"k":0,"ix":6},"sa":{"a":0,"k":0,"ix":5},"o":{"a":0,"k":100,"ix":7}}]}],"ind":6,"parent":1}],"v":"4.8.0","fr":50,"op":100,"ip":0,"assets":[]}